{"mean_accuracy": 0.836589861751152, "std_accuracy": 0.0202840163744305}